Zipcode,Median Income,population
75001,57633,12414
75002,91632,63140
75006,56985,46364
75007,78934,51624
75009,87581,8785
75010,75696,21607
75013,131878,30347
75019,110445,38666
75020,40999,21872
75021,40000,8036
75022,145938,22545
75023,74777,45452
75024,88707,36039
75025,104168,50926
75028,111391,42226
75032,93308,27986
75034,111318,72723
75035,102913,47553
75038,48130,27802
75039,73503,11032
75040,54664,59406
75041,40136,30700
75042,39811,37881
75043,55149,58094
75044,64302,40811
75048,87171,20328
75050,44548,41041
75051,40107,39285
75052,66744,88996
75054,105000,5053
75056,79251,47852
75057,50338,12900
75058,79250,2982
75060,45775,45980
75061,40084,53442
75062,45872,44537
75063,69114,35090
75065,72342,10748
75067,56555,60982
75068,85446,34934
75069,45907,34108
75070,98524,74734
75071,80291,36090
75074,54518,44622
75075,72852,33262
75076,52543,7378
75077,99629,35330
75078,119529,10592
75080,60440,44009
75081,63470,34156
75082,111726,21182
75087,86094,28145
75088,81425,24712
75089,86134,30251
75090,38216,23724
75092,50771,22839
75093,99225,47187
75094,116344,20579
75098,81413,48197
75101,33438,646
75102,40455,1322
75103,50286,12851
75104,67691,45373
75105,29500,301
75109,58317,3658
75110,40235,28132
75114,68287,4660
75115,61729,48877
75116,53706,19669
75117,41348,3722
75119,44808,26601
75124,47500,4446
75125,45375,6691
75126,85677,33396
75127,45848,1593
75132,65563,294
75134,46971,20276
75135,62800,5910
75137,58895,18861
75140,41111,6958
75141,34786,5374
75142,53809,18982
75143,40135,14619
75144,32289,3291
75146,59244,17993
75147,45227,6602
75148,34252,5842
75149,47739,56065
75150,45999,58730
75152,54659,4606
75153,38692,605
75154,66162,36041
75155,37375,2579
75156,37212,14580
75157,41042,310
75158,58466,4139
75159,45479,18339
75160,44594,23627
75161,56148,6165
75163,51800,2285
75164,56042,671
75165,59385,37966
75166,75804,3070
75167,76207,8436
75169,43316,14644
75172,39246,3956
75173,67327,4353
75180,37787,23031
75181,73879,25908
75182,90366,5118
75189,73146,22406
75201,67979,9409
75202,79681,1666
75203,28602,15721
75204,63551,26279
75205,108913,23061
75206,52192,36248
75207,74792,9648
75208,45170,30171
75209,79408,13653
75210,15258,7482
75211,36704,73146
75212,28802,24884
75214,69168,32950
75215,23433,14648
75216,23294,49416
75217,34480,80324
75218,65567,21665
75219,59650,22124
75220,35827,41891
75223,35949,13947
75224,33830,34034
75225,147153,20892
75226,42768,3506
75227,37720,55029
75228,36274,66551
75229,70625,31571
75230,68863,26934
75231,33546,37052
75232,36265,28682
75233,40151,14043
75234,53305,28794
75235,37530,17177
75236,37645,15949
75237,29787,17101
75238,52779,30483
75240,37095,24296
75241,30870,27066
75243,35944,55406
75244,72735,13266
75246,32254,2770
75247,23793,468
75248,72111,33395
75249,57247,13373
75251,56788,2331
75252,54650,24112
75253,33283,18450
75254,44283,23253
75270,0,0
75287,46828,49004
75390,0,0
75401,31274,18552
75402,57594,15920
75407,52330,14120
75409,61997,11831
75410,40492,4334
75411,61641,1118
75412,45508,778
75413,44583,305
75414,51815,3136
75415,18529,144
75416,40685,2893
75417,33056,2456
75418,41466,14411
75420,50500,1076
75421,54808,1003
75422,52056,2883
75423,47162,2982
75424,48948,3297
75426,24102,5301
75428,27662,10089
75431,42639,2052
75432,39500,3323
75433,47662,2773
75435,44043,1185
75436,42798,1876
75437,53977,1078
75438,51438,972
75439,46125,868
75440,44340,6350
75441,49375,142
75442,52080,8858
75446,43542,3180
75447,49527,1080
75448,56705,655
75449,35368,1186
75450,47604,331
75451,43472,1211
75452,56000,4090
75453,41525,3255
75454,87125,5699
75455,43701,28293
75457,39909,6522
75459,64792,4326
75460,29717,23592
75462,60019,11350
75468,34405,888
75469,28750,371
75470,28611,288
75471,42321,1424
75472,45179,3548
75473,49651,3855
75474,44976,14882
75475,24286,129
75476,57857,1304
75477,30563,977
75478,47083,932
75479,42695,1849
75480,60658,1646
75481,34409,395
75482,42494,24385
75486,55089,2346
75487,43750,1541
75488,32042,1161
75489,51518,993
75490,57375,2211
75491,50158,4801
75492,50962,516
75493,31607,611
75494,40427,10862
75495,65158,7095
75496,39175,3351
75497,48722,3350
75501,34355,36298
75503,57752,24379
75550,36250,808
75551,38043,11007
75554,45536,1806
75555,48375,1611
75556,33092,1133
75558,62929,1636
75559,40640,5568
75560,31970,1088
75561,40650,5395
75562,0,176
75563,32292,4282
75565,44375,361
75566,22969,782
75567,50386,4225
75568,29725,2876
75569,37534,2874
75570,47068,11518
75571,38688,2846
75572,36026,3491
75573,14519,181
75574,42061,1868
75601,42284,15849
75602,31977,23286
75603,47646,5456
75604,49043,29934
75605,54707,27823
75630,29233,2588
75631,51023,2787
75633,53715,13977
75638,41013,6036
75639,50086,3460
75640,54423,4652
75641,30417,223
75642,0,229
75643,45000,2074
75644,41090,11444
75645,56098,9778
75647,45826,13196
75650,59274,8611
75651,43364,2189
75652,42778,16638
75654,49798,12417
75656,40054,4804
75657,33108,8246
75661,37357,2807
75662,46462,24536
75667,42500,1021
75668,26541,1993
75669,63625,606
75670,30005,17290
75672,49598,17097
75681,37442,2562
75682,36216,473
75683,43816,3914
75684,40988,7548
75686,36278,12985
75691,57664,4219
75692,50285,5098
75693,57618,6869
75701,42627,34373
75702,32457,27069
75703,52011,37166
75704,39527,8684
75705,32083,2168
75706,39697,8771
75707,56559,13711
75708,35500,7156
75709,53598,5062
75750,57964,3937
75751,40682,17253
75752,44940,6986
75754,42759,5783
75755,42467,5719
75756,44535,4002
75757,54451,10022
75758,45177,9072
75759,22250,141
75760,49559,2614
75762,65819,12466
75763,46813,6005
75764,35833,233
75765,50276,7607
75766,33053,26388
75770,46188,2776
75771,55283,18361
75772,0,0
75773,42726,12791
75778,41288,3254
75779,39911,122
75780,19000,312
75782,0,0
75783,40322,7219
75784,39038,658
75785,43043,11263
75788,51464,126
75789,59081,7593
75790,39861,4203
75791,68630,13125
75792,38750,3518
75797,0,0
75798,0,0
75799,0,0
75801,39854,16799
75802,0,0
75803,41067,22397
75831,50575,5386
75832,0,66
75833,45114,3324
75834,0,0
75835,29086,12012
75838,48359,666
75839,42569,5069
75840,43723,7076
75844,36631,5718
75845,33841,3259
75846,41622,2718
75847,36968,1859
75848,65417,92
75849,21813,75
75850,70132,671
75851,38309,5050
75852,47303,3762
75853,32098,963
75855,38112,2369
75856,24658,196
75858,56250,43
75859,58403,1923
75860,46888,6644
75861,57589,9017
75862,35011,10091
75865,0,0
75880,0,0
75882,0,0
75884,0,0
75886,0,0
75901,41809,29036
75902,0,0
75903,0,0
75904,39265,34004
75915,0,0
75925,40971,4179
75926,36100,1070
75928,35292,1411
75929,31366,1599
75930,22902,2023
75931,46528,2631
75932,45231,1437
75933,43056,1599
75934,11250,99
75935,38668,13685
75936,49000,889
75937,42067,994
75938,41011,2608
75939,39123,3992
75941,45979,9105
75942,43512,115
75943,56563,1262
75944,42500,1301
75946,43875,3578
75948,34651,6281
75949,38165,7976
75951,33700,16134
75954,40455,3280
75956,42644,7623
75958,0,0
75959,28419,923
75960,37417,913
75961,29413,14910
75962,0,3029
75963,0,0
75964,35827,20097
75965,39651,17591
75966,29595,5371
75968,32672,1766
75969,57143,4116
75972,28338,6620
75973,42645,2599
75974,30440,3126
75975,35285,3699
75976,29464,827
75977,43056,750
75978,98333,144
75979,37194,11423
75980,39828,2836
75990,0,0
76001,74587,30460
76002,79376,30269
76003,0,0
76004,0,0
76005,0,0
76006,44363,22639
76007,0,0
76008,102951,13602
76009,51696,19759
76010,31108,55706
76011,34412,21594
76012,56627,25689
76013,50220,30680
76014,42558,34072
76015,47902,16658
76016,81635,30852
76017,68538,44724
76018,64403,26938
76019,0,0
76020,57457,27270
76021,65134,33673
76022,53793,13212
76023,49441,5832
76028,69676,59744
76031,46714,17759
76033,53523,24819
76034,152986,22748
76035,84732,1622
76036,64852,22352
76039,58320,32925
76040,45748,27524
76041,57750,434
76043,54925,7071
76044,59833,3866
76048,48668,21989
76049,64254,25130
76050,62723,5875
76051,76216,46320
76052,93031,15995
76053,44977,28421
76054,93763,11764
76055,48142,3084
76058,56151,17123
76059,36579,4881
76060,74375,6764
76061,0,152
76063,92052,61361
76064,77500,1883
76065,81793,28986
76066,80088,3142
76067,40367,22117
76068,0,0
76070,56382,752
76071,63750,3320
76073,54109,5327
76077,91875,590
76078,64280,8572
76082,58255,17748
76084,54599,8327
76085,60291,8787
76086,48176,20196
76087,74898,24746
76088,64093,11499
76092,173507,26669
76093,59195,2095
76094,0,0
76095,0,0
76096,0,0
76097,0,0
76098,0,0
76099,0,0
76101,0,0
76102,50177,8111
76103,39513,14572
76104,22221,17446
76105,24526,22194
76106,31391,35389
76107,51370,25917
76108,58528,38227
76109,58704,21710
76110,39600,30434
76111,40511,21685
76112,36820,38993
76113,0,0
76114,37752,24741
76115,27806,20696
76116,41573,46746
76117,39054,30645
76118,62282,13866
76119,28660,42761
76120,39714,15283
76121,0,0
76122,0,0
76123,81008,29722
76124,0,0
76126,76330,19395
76127,173500,2003
76129,0,2833
76130,0,0
76131,77413,28374
76132,49437,24709
76133,51123,48394
76134,48534,23704
76135,52945,20684
76136,0,0
76137,66306,54911
76140,50739,26340
76147,0,0
76148,59394,23331
76150,0,0
76155,45675,3115
76161,0,0
76162,0,0
76163,0,0
76164,34574,16748
76166,0,0
76177,81755,4891
76179,75472,48058
76180,52086,33444
76181,0,0
76182,82038,28209
76185,0,0
76190,0,0
76191,0,0
76192,0,0
76193,0,0
76195,0,0
76196,0,0
76197,0,0
76198,0,0
76199,0,0
76201,22342,27107
76202,0,0
76203,0,0
76204,0,0
76205,41371,18510
76206,0,0
76207,61377,10579
76208,70890,19782
76209,48237,24018
76210,80407,39556
76225,62554,3156
76226,116101,18419
76227,77386,22141
76228,46620,1119
76230,43390,9711
76233,63697,3235
76234,58848,15587
76238,57583,431
76239,56875,1087
76240,47663,26120
76241,0,0
76244,93705,60388
76245,32157,1780
76246,0,0
76247,77968,13098
76248,111606,34647
76249,75250,7194
76250,84545,937
76251,57321,731
76252,62054,2863
76253,41250,230
76255,36082,5411
76258,53438,6659
76259,76021,4618
76261,58500,233
76262,88114,27648
76263,60833,44
76264,49650,1412
76265,47500,1893
76266,63416,13495
76267,0,0
76268,48203,250
76270,55028,1853
76271,47981,1352
76272,52763,4745
76273,44190,9135
76299,0,0
76301,31565,16540
76302,44066,13206
76305,53525,4746
76306,41765,15991
76307,0,0
76308,46546,19677
76309,46038,13862
76310,63646,17989
76311,56767,7535
76351,42961,2035
76352,0,0
76354,49031,11270
76357,36683,712
76360,43958,3502
76363,21488,256
76364,36912,193
76365,54517,4831
76366,59732,2317
76367,50879,13045
76369,0,0
76370,36771,299
76371,34250,1606
76372,39141,974
76373,45948,162
76374,29965,4162
76377,48750,802
76379,46667,591
76380,33689,3820
76384,41050,12991
76385,0,0
76388,34493,203
76389,58906,1329
76401,37194,25702
76402,0,847
76424,42194,8992
76426,52328,11302
76427,34014,804
76429,96875,258
76430,51105,2532
76431,51941,3384
76432,41563,1370
76433,61953,1416
76435,34226,612
76436,61500,212
76437,41000,5721
76439,0,0
76442,35074,7545
76443,38472,1897
76444,35833,3635
76445,45050,407
76446,37589,9000
76448,35949,5628
76449,41797,2434
76450,49066,13258
76452,70208,75
76453,45000,1125
76454,26017,1688
76455,42500,1014
76457,44595,3960
76458,49306,6261
76459,31875,146
76460,65536,421
76461,0,0
76462,59375,2982
76463,34688,481
76464,38984,506
76465,0,0
76466,69732,332
76467,0,0
76468,0,0
76469,27000,96
76470,30918,3238
76471,31317,1906
76472,41935,1499
76474,73207,281
76475,40774,977
76476,62974,2637
76481,0,208
76483,37596,1063
76484,47847,1147
76485,0,0
76486,53906,1375
76487,54872,2507
76490,107344,91
76491,35833,459
76501,40237,16897
76502,62939,31545
76503,0,0
76504,37951,24268
76505,0,0
76508,0,0
76511,38194,3317
76513,57545,34172
76518,38098,1581
76519,29821,626
76520,36259,8413
76522,54493,35534
76523,0,18
76524,54783,2867
76525,42750,1062
76526,0,0
76527,44977,4058
76528,46996,16974
76530,50463,2540
76531,40509,4978
76533,0,0
76534,49375,2615
76537,54479,3870
76538,51250,761
76539,56696,7841
76540,0,0
76541,28946,19206
76542,57884,40025
76543,39704,30430
76544,41700,29943
76545,0,0
76546,0,0
76547,0,0
76548,63792,26344
76549,52400,44490
76550,45526,11586
76554,48241,2104
76556,39375,1461
76557,47384,5178
76558,0,0
76559,53687,5051
76561,53750,962
76564,0,0
76565,31364,74
76566,50962,258
76567,36453,8984
76569,57955,2498
76570,31691,2572
76571,92222,6790
76573,0,26
76574,45011,17661
76577,45855,3046
76578,57857,1766
76579,63942,4258
76596,0,1274
76597,0,2882
76598,0,523
76599,0,1956
76621,57361,1037
76622,42231,1015
76623,41250,242
76624,49863,2231
76626,49364,1563
76627,42917,1601
76628,16406,111
76629,49583,1989
76630,47857,1840
76631,66964,522
76632,33371,1778
76633,68618,4973
76634,47315,7093
76635,29327,1341
76636,48875,1497
76637,42292,536
76638,77679,2837
76639,32778,1584
76640,37651,3005
76641,40238,1674
76642,42778,7057
76643,66898,13554
76644,0,0
76645,32234,11039
76648,39833,2302
76649,41250,790
76650,37500,104
76651,50457,3300
76652,37647,1087
76653,37303,1082
76654,58958,151
76655,75104,7831
76656,38456,2276
76657,62058,9307
76660,41818,506
76661,28346,8708
76664,34983,3514
76665,42616,2526
76666,45000,244
76667,36663,11313
76670,49667,1377
76671,46509,1777
76673,48571,1187
76676,41333,413
76678,19286,263
76679,35694,1432
76680,55956,190
76681,40577,873
76682,40234,2660
76684,0,0
76685,0,108
76686,36964,285
76687,48032,1466
76689,49722,3996
76690,39022,1197
76691,50000,6454
76692,42965,10115
76693,37661,1651
76701,25372,1826
76702,0,0
76703,0,0
76704,17166,8007
76705,37609,29155
76706,26398,35015
76707,32021,16697
76708,40477,24476
76710,37195,22686
76711,31134,9042
76712,68413,23506
76714,0,0
76715,0,0
76716,0,0
76795,0,0
76797,0,0
76798,0,1862
76799,0,0
76801,37180,25552
76802,47196,5075
76803,0,0
76804,0,0
76820,45500,125
76821,34324,4869
76823,40807,2945
76824,0,35
76825,38243,7091
76827,60625,433
76828,26094,199
76831,0,63
76832,44464,559
76834,30000,5908
76836,0,41
76837,50685,3188
76841,0,61
76842,39196,191
76844,43421,3550
76845,39167,178
76848,44167,78
76849,43421,3944
76852,42155,212
76853,33056,1622
76854,20391,401
76855,0,0
76856,46471,3582
76857,53563,1791
76858,37895,254
76859,30833,1982
76861,50938,1995
76862,64773,198
76864,47917,890
76865,43250,160
76866,42222,623
76869,0,125
76870,31979,251
76871,43750,784
76872,55550,717
76873,85625,55
76874,0,68
76875,41146,668
76877,33599,4558
76878,30950,1685
76880,0,0
76882,60188,252
76883,0,0
76884,100735,172
76885,0,154
76886,0,0
76887,62045,126
76888,26705,110
76890,55673,940
76901,46111,27969
76902,0,0
76903,33533,31905
76904,54537,32718
76905,50674,11335
76906,0,0
76908,23875,1951
76909,0,0
76930,50694,156
76932,59792,3390
76933,43295,1365
76934,45217,1296
76935,63636,1606
76936,50602,3377
76937,0,37
76939,47000,51
76940,0,176
76941,47159,1348
76943,49643,3693
76945,38839,1665
76949,0,7
76950,53500,4180
76951,50543,1143
76953,22625,74
76955,0,133
76957,0,59
76958,104107,310
77001,0,0
77002,64093,16793
77003,36412,10508
77004,41983,32692
77005,159732,25528
77006,67458,19664
77007,98725,30853
77008,70293,30482
77009,44651,38094
77010,250001,366
77011,26838,19547
77012,34975,20719
77013,36829,17602
77014,40659,28684
77015,44167,53621
77016,31327,26989
77017,35586,32561
77018,61980,25563
77019,87394,18944
77020,29401,25464
77021,31103,26042
77022,28810,29557
77023,36033,28998
77024,111139,34775
77025,65828,26137
77026,20024,23940
77027,81661,14331
77028,29389,16808
77029,31715,17814
77030,68980,10258
77031,39278,15762
77032,23389,12757
77033,27272,27965
77034,43905,33678
77035,36345,35896
77036,28266,71969
77037,35518,19819
77038,38160,26713
77039,38167,27562
77040,53194,45081
77041,70608,37146
77042,46159,36385
77043,54359,23358
77044,72761,30949
77045,36952,31255
77046,85493,1196
77047,49246,21077
77048,36818,15294
77049,50348,28521
77050,44327,4611
77051,22920,15085
77052,0,0
77053,46568,28954
77054,41694,22290
77055,46987,41989
77056,93069,18673
77057,54594,39208
77058,49589,16406
77059,136355,16949
77060,27750,40830
77061,34566,24457
77062,87960,25152
77063,49873,34299
77064,62610,45847
77065,54091,35326
77066,59855,31366
77067,37309,30559
77068,67945,10064
77069,68495,16541
77070,69139,46017
77071,45941,25671
77072,35462,56526
77073,51206,34790
77074,36207,37267
77075,45581,37388
77076,31212,33803
77077,59958,52151
77078,30368,14777
77079,95589,31280
77080,38159,45275
77081,26741,47860
77082,50294,49900
77083,53879,70837
77084,62785,95137
77085,49466,16074
77086,42030,28009
77087,38707,36399
77088,40896,49660
77089,63141,48685
77090,36138,32930
77091,27903,23472
77092,37314,33745
77093,31725,46929
77094,146518,8498
77095,89393,66502
77096,63346,32628
77097,0,0
77098,81907,13076
77099,35252,47091
77201,0,0
77202,0,0
77203,0,0
77204,0,0
77205,0,0
77206,0,0
77207,0,0
77208,0,0
77209,0,0
77210,0,0
77212,0,0
77213,0,0
77215,0,0
77216,0,0
77217,0,0
77218,0,0
77219,0,0
77220,0,0
77221,0,0
77222,0,0
77223,0,0
77224,0,0
77225,0,0
77226,0,0
77227,0,0
77228,0,0
77229,0,0
77230,0,0
77231,0,0
77233,0,0
77234,0,0
77235,0,0
77236,0,0
77237,0,0
77238,0,0
77240,0,0
77241,0,0
77242,0,0
77243,0,0
77244,0,0
77245,0,0
77246,0,0
77247,0,0
77248,0,0
77249,0,0
77250,0,0
77251,0,0
77252,0,0
77253,0,0
77254,0,0
77255,0,0
77256,0,0
77257,0,0
77258,0,0
77259,0,0
77260,0,0
77261,0,0
77262,0,0
77263,0,0
77265,0,0
77266,0,0
77267,0,0
77268,0,0
77269,0,0
77270,0,0
77271,0,0
77272,0,0
77273,0,0
77274,0,0
77275,0,0
77276,0,0
77277,0,0
77278,0,0
77279,0,0
77280,0,0
77282,0,0
77284,0,0
77285,0,0
77286,0,0
77287,0,0
77288,0,0
77289,0,0
77290,0,0
77291,0,0
77292,0,0
77293,0,0
77294,0,0
77296,0,0
77297,0,0
77298,0,0
77299,0,0
77301,34097,30769
77302,57758,18118
77303,45599,16710
77304,58774,21314
77305,0,0
77306,41596,11931
77315,0,0
77316,72458,16036
77318,78194,14281
77320,44130,33678
77325,0,0
77326,0,69
77327,46936,20160
77328,48250,13993
77331,41596,6824
77332,0,0
77333,0,0
77334,0,141
77335,23958,2350
77336,62995,12471
77337,0,0
77338,48046,33971
77339,73135,37512
77340,30933,29809
77341,0,0
77342,0,23
77343,0,0
77344,0,0
77345,119708,26122
77346,86523,53578
77347,0,0
77348,0,0
77349,0,0
77350,86563,66
77351,39967,32517
77353,0,0
77354,75269,30215
77355,71326,24010
77356,78353,24498
77357,48979,19987
77358,57656,4993
77359,36646,721
77360,32380,5280
77362,59576,4600
77363,46842,3269
77364,44595,2223
77365,58109,25769
77367,75556,143
77368,58182,152
77369,19485,1018
77371,38595,7665
77372,44896,12164
77373,67742,54609
77374,67500,510
77375,60782,39351
77376,17286,617
77377,87474,28708
77378,48136,14685
77379,97692,70544
77380,67616,23136
77381,101383,34961
77382,131564,35369
77383,0,0
77384,80032,11857
77385,82175,19534
77386,82747,36407
77387,0,0
77388,82936,40384
77389,99702,21255
77391,0,0
77393,0,0
77396,56575,43317
77399,0,0
77401,144821,17491
77402,0,0
77404,0,0
77406,110294,33682
77407,85219,28595
77410,0,0
77411,0,0
77412,30000,106
77413,0,0
77414,43186,23047
77415,0,46
77417,35833,2457
77418,46250,9585
77419,21857,1512
77420,27660,2205
77422,49262,13933
77423,36667,9483
77426,56420,2100
77428,0,61
77429,96695,72264
77430,68889,2283
77431,0,0
77432,0,173
77433,89258,50539
77434,35105,4816
77435,49604,4539
77436,0,73
77437,43599,17054
77440,0,37
77441,123703,4809
77442,35208,1137
77443,0,84
77444,59808,784
77445,43066,11977
77446,33897,5217
77447,65682,11872
77448,0,341
77449,65420,94382
77450,100957,71889
77451,23438,77
77452,0,0
77453,26435,301
77454,72500,217
77455,50000,2045
77456,44878,1303
77457,41912,651
77458,19934,468
77459,104547,56274
77460,63462,73
77461,59220,10679
77463,0,0
77464,49432,221
77465,42623,7161
77466,60742,690
77467,16667,57
77468,17820,131
77469,67088,35321
77470,34667,338
77471,43798,35241
77473,20357,97
77474,56905,12782
77475,42404,773
77476,25000,313
77477,54917,35897
77478,89549,24739
77479,123935,74514
77480,53639,8097
77481,0,35
77482,51887,2307
77483,122935,311
77484,63045,11068
77485,60900,4054
77486,58049,6851
77487,0,0
77488,36257,14148
77489,58315,35554
77491,0,0
77492,0,0
77493,78452,23104
77494,126425,61600
77496,0,0
77497,0,0
77498,72232,49906
77501,0,0
77502,43014,37995
77503,44939,24251
77504,40321,24529
77505,72695,23223
77506,30617,35977
77507,0,0
77508,0,0
77510,60074,13731
77511,52507,46627
77512,0,0
77514,44375,4942
77515,55911,30309
77516,0,0
77517,83472,5315
77518,40612,8673
77519,36487,1191
77520,43409,36489
77521,53726,49507
77522,0,0
77523,90229,17031
77530,44786,31086
77531,47121,15639
77532,63236,26236
77533,47500,1022
77534,77045,2863
77535,54553,31295
77536,77824,30690
77538,44625,934
77539,66129,38806
77541,39304,17412
77542,0,0
77545,67970,19431
77546,98442,47636
77547,38692,9735
77549,0,0
77550,32447,23043
77551,42575,17753
77552,0,0
77553,0,0
77554,64583,8863
77555,0,0
77560,41463,1005
77561,12250,53
77562,57394,10459
77563,50498,9103
77564,48657,1988
77565,80000,5790
77566,75066,28739
77568,42196,14308
77571,68102,35666
77572,0,0
77573,92559,71580
77574,0,0
77575,42765,15949
77577,52606,1368
77578,92826,12672
77580,131641,312
77581,83709,42383
77582,0,0
77583,68939,28531
77584,94103,70228
77585,37299,1014
77586,86786,20970
77587,36083,16568
77588,0,0
77590,45343,30374
77591,46096,13131
77592,0,0
77597,81125,777
77598,46682,23059
77611,63640,8219
77612,50144,8901
77613,61563,1218
77614,49960,603
77615,50250,1012
77616,50921,1136
77617,35625,73
77619,50559,16147
77622,84766,1390
77623,61364,448
77624,39662,856
77625,45515,8489
77626,0,0
77627,59701,21454
77629,52813,877
77630,42131,26796
77631,0,0
77632,64694,22776
77639,0,0
77640,29096,16875
77641,0,0
77642,32039,37111
77643,0,0
77650,79000,1896
77651,61363,13043
77655,39083,356
77656,45851,17110
77657,61609,20003
77659,68901,4910
77660,37857,1437
77661,80029,962
77662,43826,27035
77663,73421,1353
77664,43425,2681
77665,50149,6446
77670,0,0
77701,30316,14674
77702,37783,2893
77703,24829,15006
77704,0,0
77705,34356,40475
77706,55900,28258
77707,50051,17080
77708,41205,11518
77709,0,0
77710,0,0
77713,60800,12788
77720,0,0
77725,0,0
77726,0,0
77801,23162,15449
77802,51801,23288
77803,34420,30252
77805,0,0
77806,0,0
77807,42154,9699
77808,60981,10634
77830,46979,2534
77831,34228,3426
77833,44612,27492
77834,0,0
77835,48750,2351
77836,52348,11896
77837,22904,1587
77838,0,0
77840,19011,56171
77841,0,0
77842,0,0
77843,0,0
77844,0,0
77845,70400,48938
77850,0,0
77852,0,0
77853,53911,953
77855,0,238
77856,56667,5096
77857,42434,757
77859,35625,6981
77861,66397,2506
77862,0,0
77863,0,0
77864,37880,7647
77865,54338,1798
77866,0,0
77867,65833,105
77868,41000,15511
77869,0,0
77870,0,0
77871,43047,3368
77872,44704,1716
77873,47159,1292
77875,0,0
77876,55083,197
77878,34338,475
77879,41368,4670
77880,38672,1879
77881,0,0
77882,0,0
77901,40571,41548
77902,0,0
77903,0,0
77904,61286,25002
77905,61967,13981
77950,32083,197
77951,34811,2616
77954,47448,11506
77957,45798,8187
77960,0,121
77961,0,183
77962,61607,3286
77963,48858,5459
77964,42349,7569
77967,0,0
77968,72593,2774
77969,43971,154
77970,48554,295
77971,64896,911
77973,0,50
77974,51667,455
77975,56696,1860
77976,71042,126
77977,24821,718
77978,53636,743
77979,46296,17144
77982,52188,1253
77983,51250,2209
77984,46307,4295
77986,0,0
77987,54643,161
77988,46613,326
77989,0,0
77990,45000,699
77991,44432,357
77993,44779,148
77994,44545,321
77995,44986,9567
78001,0,33
78002,48545,8255
78003,43780,8689
78004,124592,1183
78005,24088,817
78006,73417,27558
78007,0,151
78008,63286,345
78009,63361,7255
78010,45500,3386
78011,27941,2082
78012,36534,436
78013,49533,5930
78014,26179,4987
78015,118306,9602
78016,47306,9630
78017,38789,4787
78019,26232,1855
78021,0,126
78022,43924,4627
78023,106014,24334
78024,50288,1436
78025,41547,4956
78026,47820,5861
78027,98333,459
78028,43343,37620
78029,0,0
78039,50625,1657
78040,23199,42083
78041,42178,44153
78042,0,0
78043,32188,42713
78044,38636,648
78045,63938,54713
78046,34399,64548
78049,0,0
78050,26610,767
78052,58869,6388
78054,0,0
78055,47464,1774
78056,98102,1917
78057,44189,871
78058,42500,1256
78059,51652,5387
78060,0,37
78061,33838,11031
78062,0,0
78063,55000,9227
78064,55417,14102
78065,43750,10831
78066,63583,591
78067,26641,916
78069,37560,5137
78070,75805,14618
78071,51852,4248
78072,42083,505
78073,46191,8171
78074,0,0
78075,27222,123
78076,32222,12612
78101,64878,7898
78102,42951,27593
78104,70500,175
78107,34219,360
78108,83743,27770
78109,63942,34603
78111,0,0
78112,46974,7941
78113,60988,2435
78114,58024,20103
78115,0,0
78116,70357,390
78117,84643,545
78118,40385,3976
78119,38527,7680
78121,83892,11381
78122,30610,418
78123,62417,2397
78124,52337,5609
78125,46250,96
78130,54672,59546
78131,0,0
78132,82917,19139
78133,59710,16269
78135,0,0
78140,31793,3380
78141,38304,596
78142,50417,119
78143,14957,85
78144,0,45
78145,27500,103
78146,59205,771
78147,57931,1919
78148,54691,20139
78150,0,11
78151,34183,1347
78152,74131,2294
78154,71432,30347
78155,49399,45341
78156,0,0
78159,31630,1023
78160,52059,4273
78161,56750,864
78162,44583,375
78163,92560,9838
78164,45737,3796
78201,35282,45307
78202,24369,11691
78203,24846,6099
78204,30800,11125
78205,25903,1453
78206,0,0
78207,22605,55514
78208,22866,3736
78209,62525,39197
78210,32676,36865
78211,32985,31944
78212,36613,28415
78213,40727,40396
78214,27222,23341
78215,34836,1150
78216,41792,40267
78217,45224,32165
78218,38812,31917
78219,38512,15225
78220,30605,15965
78221,38036,35990
78222,46000,19408
78223,37019,50637
78224,40028,17601
78225,32234,13025
78226,27936,6648
78227,36980,46077
78228,34992,58811
78229,35344,28804
78230,55936,39089
78231,83696,7906
78232,64741,35120
78233,54399,43710
78234,59665,7126
78235,48281,357
78236,60250,10392
78237,26702,36929
78238,44005,23514
78239,53868,28736
78240,48281,51111
78241,0,0
78242,35451,31395
78243,0,235
78244,56946,30757
78245,59785,56511
78246,0,0
78247,65921,49176
78248,105987,13638
78249,70689,49951
78250,60726,54903
78251,62482,49435
78252,44143,7372
78253,85508,29007
78254,76649,44817
78255,111307,10826
78256,69649,6855
78257,112202,3950
78258,107479,40586
78259,98669,22660
78260,106182,24844
78261,98729,13513
78262,0,0
78263,76118,4673
78264,43200,12339
78265,0,0
78266,105536,5591
78268,0,0
78269,0,0
78270,0,0
78275,0,0
78278,0,0
78279,0,0
78280,0,0
78283,0,0
78284,0,0
78285,0,0
78286,0,0
78287,0,0
78288,0,0
78289,0,0
78291,0,0
78292,0,0
78293,0,0
78294,0,0
78295,0,0
78296,0,0
78297,0,0
78298,0,0
78299,0,0
78330,53500,878
78332,39114,28710
78333,0,0
78335,0,4
78336,39705,11949
78338,0,37
78339,36553,632
78340,45114,379
78341,41644,1760
78342,41210,386
78343,42875,4525
78344,81667,474
78347,0,0
78349,22944,505
78350,0,0
78351,36985,621
78352,31369,179
78353,16827,433
78355,23222,7081
78357,51051,3161
78358,40750,709
78359,32083,1944
78360,0,0
78361,35928,5350
78362,57458,9447
78363,40413,30463
78364,0,0
78368,35191,9227
78369,43125,444
78370,54942,4877
78371,50179,404
78372,52208,5452
78373,42500,3585
78374,66236,16620
78375,31864,3352
78376,19205,554
78377,44861,3821
78379,40735,1585
78380,39922,23141
78381,0,0
78382,45732,19364
78383,51029,3539
78384,26542,6640
78385,36736,277
78387,45855,9574
78389,50577,1541
78390,41149,5616
78391,18750,325
78393,44457,2379
78401,22226,5391
78402,51958,536
78403,0,0
78404,38862,17236
78405,27247,16867
78406,45781,1413
78407,30179,2955
78408,28137,12061
78409,47105,2939
78410,66739,26387
78411,40349,28024
78412,45708,36003
78413,64159,36953
78414,75971,30165
78415,39915,39271
78416,27854,15508
78417,50069,4176
78418,55487,29854
78419,44594,694
78426,0,0
78427,0,0
78460,0,0
78461,0,0
78463,0,0
78465,0,0
78466,0,0
78467,0,0
78468,0,0
78469,0,0
78470,0,0
78471,0,0
78472,0,0
78473,0,0
78474,0,0
78475,0,0
78476,0,0
78477,0,0
78478,0,0
78480,0,0
78501,31214,61219
78502,0,0
78503,35660,21706
78504,61277,48703
78505,0,0
78516,32977,33722
78520,29835,59408
78521,26684,93818
78522,0,0
78523,0,0
78526,44672,42460
78535,23795,581
78536,30000,451
78537,25338,39454
78538,25806,10657
78539,52167,30783
78540,0,0
78541,34586,42431
78542,29878,63293
78543,22121,8447
78545,24917,555
78547,0,0
78548,25962,675
78549,22599,990
78550,33780,53152
78551,0,0
78552,39602,34111
78553,0,0
78557,39033,12547
78558,17000,882
78559,31901,12751
78560,34297,4368
78561,16000,779
78562,30938,2868
78563,30809,376
78564,0,270
78565,8611,402
78566,39361,16230
78567,19500,533
78568,0,0
78569,36750,4039
78570,25445,32525
78572,37735,75221
78573,33809,34890
78574,29818,57071
78575,52039,8056
78576,28853,8775
78577,32054,70840
78578,35523,12516
78579,31099,4580
78580,28106,14963
78582,27337,40455
78583,34324,6623
78584,19881,18128
78585,38333,396
78586,31303,55878
78588,25500,238
78589,33648,38004
78590,32083,289
78591,38625,265
78592,25441,836
78593,24073,6324
78594,14565,1990
78595,24464,6082
78596,34297,63844
78597,45432,2885
78598,9143,226
78599,0,0
78602,50376,25160
78604,0,0
78605,52277,4952
78606,48438,5205
78607,20238,166
78608,56727,434
78609,39779,2012
78610,79049,23502
78611,48409,12977
78612,63144,11457
78613,81928,65099
78614,78958,456
78615,65625,1290
78616,50848,7092
78617,45212,22210
78618,63393,324
78619,87228,3026
78620,89899,14367
78621,52471,21659
78622,46250,296
78623,63487,813
78624,54286,21513
78626,57787,25996
78627,0,0
78628,80363,23727
78629,42807,11887
78630,0,0
78631,43340,2395
78632,41573,910
78633,74986,19349
78634,73729,22791
78635,0,149
78636,47660,3749
78638,44708,2005
78639,32865,7334
78640,64137,42954
78641,71885,44295
78642,75375,9467
78643,42939,6139
78644,46967,17081
78645,73601,9773
78646,0,0
78648,34903,7683
78650,54474,1599
78651,0,0
78652,76604,4466
78653,59763,16375
78654,46086,17553
78655,46823,2739
78656,43922,2271
78657,69592,5509
78658,0,0
78659,68452,2903
78660,76007,68789
78661,39821,335
78662,75050,2268
78663,71971,746
78664,61401,52932
78665,85907,35985
78666,33827,63836
78667,0,0
78669,83024,8731
78670,44265,168
78671,55479,654
78672,30521,931
78673,0,0
78674,0,0
78675,54773,188
78676,66050,12602
78677,92778,92
78680,0,0
78681,92453,50606
78682,0,0
78683,0,0
78691,0,0
78701,86541,6841
78702,36197,21334
78703,80569,19690
78704,50930,42117
78705,12143,31340
78708,0,0
78709,0,0
78710,0,0
78711,0,0
78712,0,860
78713,0,0
78714,0,0
78715,0,0
78716,0,0
78717,93701,22538
78718,0,0
78719,38305,1764
78720,0,0
78721,33798,11425
78722,50923,5901
78723,42939,28330
78724,38479,21696
78725,52381,6083
78726,67466,13122
78727,69570,26689
78728,48612,20299
78729,60690,27108
78730,120568,7955
78731,75269,24614
78732,131216,14060
78733,122860,8762
78734,87300,17655
78735,79984,16131
78736,84940,6946
78737,121094,12081
78738,118795,12134
78739,128597,16792
78741,30871,44935
78742,19688,820
78744,41721,42820
78745,50672,55614
78746,128936,26928
78747,61599,14808
78748,66309,40651
78749,84907,34449
78750,76236,26814
78751,39032,14385
78752,34716,18064
78753,38884,49301
78754,54896,15036
78755,0,0
78756,59854,7194
78757,57429,21310
78758,43537,44072
78759,66828,38891
78760,0,0
78761,0,0
78762,0,0
78763,0,0
78764,0,0
78765,0,0
78766,0,0
78767,0,0
78768,0,0
78769,0,0
78772,0,0
78773,0,0
78774,0,0
78778,0,0
78779,0,0
78780,0,0
78781,0,0
78783,0,0
78785,0,0
78786,0,0
78788,0,0
78789,0,0
78798,0,0
78799,0,0
78801,33306,21780
78802,51944,242
78827,24310,1219
78828,33462,258
78829,20536,1207
78830,24861,786
78832,33257,3598
78833,29180,1299
78834,42222,7829
78836,0,128
78837,30556,281
78838,51667,275
78839,25560,8578
78840,40533,48149
78841,0,0
78842,0,0
78843,0,336
78847,0,0
78850,46500,1145
78851,0,23
78852,31214,53040
78853,0,0
78860,19535,229
78861,45118,13701
78870,37500,984
78871,0,45
78872,31050,1905
78873,38594,1788
78877,42250,989
78879,36806,264
78880,47083,1682
78881,34250,2335
78883,44231,353
78884,46389,1158
78885,80417,120
78886,74196,647
78931,67917,323
78932,36548,757
78933,59974,1433
78934,46350,6712
78935,82391,978
78938,52098,471
78940,51905,2098
78941,40304,2962
78942,43798,8989
78943,45598,352
78944,47083,562
78945,49351,10494
78946,46719,960
78947,64516,4475
78948,63029,850
78949,58523,517
78950,49261,2038
78951,0,26
78952,0,0
78953,44604,934
78954,55000,1071
78956,39923,5381
78957,42994,9067
78959,39648,1837
78960,0,0
78961,0,0
78962,45545,4733
78963,70017,909
79001,53214,249
79002,0,0
79003,64653,162
79005,62750,1735
79007,42613,14542
79008,0,0
79009,41552,2166
79010,74911,802
79011,71250,236
79012,97083,976
79013,42349,3423
79014,55690,3771
79015,51951,19277
79016,0,94
79018,40833,548
79019,57202,1707
79021,56250,138
79022,49521,10741
79024,54167,405
79025,0,69
79027,29805,5223
79029,51971,16177
79031,43688,1425
79032,70547,157
79033,250001,109
79034,66023,637
79035,46467,5309
79036,51035,5128
79039,54122,779
79040,57604,1839
79041,36667,3194
79042,54821,1169
79043,39145,1487
79044,40000,766
79045,41975,19473
79046,40750,489
79051,0,29
79052,43250,1259
79053,86607,137
79054,40000,594
79056,44375,63
79057,41500,1206
79058,0,10
79059,67404,837
79061,60357,316
79062,61000,218
79063,55938,686
79064,37865,2739
79065,43921,20840
79066,0,0
79068,65050,3197
79070,49810,9919
79072,40832,28849
79073,0,0
79077,0,0
79078,50341,377
79079,41625,2646
79080,42000,605
79081,47292,3912
79082,54375,315
79083,51141,2661
79084,44417,2366
79085,0,53
79086,53810,2105
79087,48375,751
79088,34519,5945
79091,53250,147
79092,44632,1106
79093,0,69
79094,76190,75
79095,40494,2686
79096,54750,2229
79097,71429,1150
79098,54875,517
79101,21250,2817
79102,40216,9963
79103,47308,10594
79104,27490,7869
79105,0,6
79106,38685,27967
79107,32002,33844
79108,51746,17726
79109,53945,43516
79110,47834,18811
79111,53850,1808
79114,0,0
79116,0,0
79117,0,0
79118,62323,19726
79119,88370,11539
79120,0,0
79121,69676,6575
79124,78627,7819
79159,0,0
79166,0,0
79168,0,0
79172,0,0
79174,0,0
79178,0,0
79185,0,0
79187,0,0
79189,0,0
79201,41607,7040
79220,55781,197
79221,0,0
79223,0,0
79225,48333,976
79226,38750,3153
79227,33882,1406
79229,38068,424
79230,59250,158
79231,0,45
79233,19375,180
79234,42250,110
79235,38808,3833
79236,65000,262
79237,65000,513
79239,58929,211
79240,0,60
79241,47969,2480
79243,77981,90
79244,35000,720
79245,31761,2476
79247,32083,64
79248,34361,1493
79250,42132,1508
79251,50625,45
79252,35373,3202
79255,29559,571
79256,35208,319
79257,39792,1067
79258,0,67
79259,108047,48
79261,37969,527
79311,50690,3445
79312,37500,971
79313,39097,1571
79314,59583,56
79316,36667,11451
79320,0,0
79322,39420,2049
79323,54697,6559
79324,0,61
79325,44559,2319
79326,0,40
79329,62472,3300
79330,83333,114
79331,39847,13258
79336,50843,16972
79338,0,0
79339,35487,7230
79342,61250,352
79343,42188,1571
79344,30481,56
79345,53281,920
79346,37115,2427
79347,46406,7462
79350,41488,392
79351,33274,1326
79353,0,10
79355,45640,1942
79356,47627,6363
79357,34688,2303
79358,50809,1116
79359,48042,2899
79360,52864,13574
79363,54601,5369
79364,40284,8172
79366,102500,1096
79367,45250,645
79369,166000,88
79370,36208,1889
79371,37235,1317
79372,49191,1434
79373,46875,3307
79376,21771,95
79377,42292,277
79378,50625,236
79379,42778,666
79380,42344,197
79381,45789,1263
79382,61563,6291
79383,0,0
79401,13450,8408
79402,0,0
79403,33554,16869
79404,27434,11289
79405,0,0
79406,0,6025
79407,40221,19068
79408,0,0
79409,0,0
79410,36715,9429
79411,24244,7951
79412,33317,15650
79413,49384,21187
79414,34504,17121
79415,27270,17689
79416,45937,32296
79423,54784,32277
79424,75921,39023
79430,0,0
79452,0,0
79453,0,0
79457,0,0
79464,0,0
79490,0,0
79491,0,0
79493,0,0
79499,0,0
79501,41757,3528
79502,41190,1350
79503,55326,175
79504,41406,2787
79505,35278,296
79506,39500,730
79508,65526,1242
79510,46555,7982
79511,62500,1338
79512,47954,8197
79516,0,0
79517,76875,200
79518,52917,124
79519,43750,74
79520,33864,2449
79521,39479,3980
79525,38787,2842
79526,71250,979
79527,50688,251
79528,45446,619
79529,36979,1383
79530,44792,480
79532,27131,940
79533,41786,472
79534,26250,181
79535,38333,183
79536,45054,4988
79537,46563,111
79538,46250,271
79539,34821,178
79540,116563,89
79541,58833,791
79543,46667,1186
79544,35417,512
79545,44188,1788
79546,36250,2006
79547,35625,758
79548,41696,174
79549,46791,15652
79550,0,0
79553,35904,3469
79556,36499,12995
79560,48750,137
79561,46154,662
79562,74750,3669
79563,38750,1161
79565,56389,295
79566,40833,333
79567,41600,3373
79601,34556,25085
79602,51295,21519
79603,38176,24288
79604,0,0
79605,41305,30098
79606,56844,22885
79607,44779,2865
79608,0,0
79697,0,0
79698,0,0
79699,0,321
79701,45030,27728
79702,0,0
79703,57842,20592
79704,0,0
79705,68649,33536
79706,58737,19571
79707,76543,32854
79708,0,0
79710,0,0
79711,0,0
79712,0,0
79713,52188,592
79714,57825,14786
79718,38636,721
79719,28958,397
79720,45000,33640
79721,0,0
79730,44342,250
79731,49848,4193
79733,61250,210
79734,49146,2137
79735,45291,13315
79738,72656,275
79739,81250,963
79740,0,0
79741,65000,288
79742,35833,490
79743,66875,339
79744,68594,1362
79745,48488,6125
79748,70417,173
79749,64712,255
79752,40809,2245
79754,68000,80
79755,75625,230
79756,44432,9066
79758,57460,2197
79759,0,23
79760,0,0
79761,44174,30488
79762,56235,39056
79763,47230,34079
79764,50556,20725
79765,86367,6927
79766,55102,6115
79768,0,0
79769,0,0
79770,0,33
79772,41354,12747
79776,0,0
79777,63958,170
79778,61806,878
79780,26029,224
79781,50000,303
79782,39495,3976
79783,112917,201
79785,14583,91
79786,0,0
79788,28750,506
79789,55536,974
79821,30810,7142
79830,42062,7682
79831,0,29
79832,0,0
79834,56397,200
79835,29799,12690
79836,36394,5772
79837,26250,579
79838,26477,8699
79839,19583,1938
79842,40500,498
79843,45245,2503
79845,21512,5138
79846,18594,104
79847,37734,167
79848,38958,927
79849,25426,13208
79851,25000,641
79852,26613,799
79853,27870,3729
79854,75417,213
79855,36779,2336
79901,13524,11328
79902,30315,21236
79903,27420,18451
79904,32668,35060
79905,19455,26036
79906,46180,4374
79907,27166,55132
79908,70640,3673
79910,0,0
79911,120815,1565
79912,59174,77161
79913,0,0
79914,0,0
79915,27134,40057
79916,2499,2995
79917,0,0
79918,0,0
79920,0,153
79922,80893,8935
79923,0,0
79924,41009,59058
79925,44217,40641
79926,0,0
79927,31962,39016
79928,48251,49544
79929,0,0
79930,29942,28410
79931,0,0
79932,50952,24986
79934,61951,19174
79935,37866,18042
79936,52024,111086
79937,0,0
79938,52119,53520
79940,0,0
79941,0,0
79942,0,2
